title,posterURL,planArea,planAddr,planLat,planLon,planCounty
언니네 산지직송2,https://www.jnfilm.or.kr/web_cargo/bbs/injeonnam/202505/cd23c34d.jpg,완도 신지도,전남 완도군 신지면 신상리 545-2,34.333793723869,126.848666458827,완도군
악연,https://www.jnfilm.or.kr/web_cargo/bbs/injeonnam/202504/0a484783.jpg,(구) 장흥교도소,전남 장흥군 용산면 어산리 962,34.62939199157511,126.90022014505392,장흥군
계시록,https://www.jnfilm.or.kr/web_cargo/bbs/injeonnam/202503/6400325c.jpg,(구) 장흥교도소,전남 장흥군 용산면 어산리 962,34.62939199157511,126.90022014505392,장흥군
하이퍼나이프,https://www.jnfilm.or.kr/web_cargo/bbs/injeonnam/202503/9bae97f5.jpg,국립목포해양대학교,전남 목포시 죽교동 562-84,34.79120153921345,126.36295973474314,목포시
폭싹 속았수다,https://www.jnfilm.or.kr/web_cargo/bbs/injeonnam/202503/2a9490aa.jpg,순천드라마촬영장,전남 순천시 조례동 23,34.9584569682125,127.538244213124,순천시
춘화연애담,https://www.jnfilm.or.kr/web_cargo/bbs/injeonnam/202503/542218f1.jpg,낙안읍성,전남 순천시 낙안면 동내리 438-1,34.90613559530928,127.34176553069862,순천시
달려라 불꽃소녀,https://www.jnfilm.or.kr/web_cargo/bbs/injeonnam/202503/f7b2db55.jpg,목포 국제축구센터,전남 목포시 대양동 950-5,34.828861445905666,126.39650029969948,목포시
원경,https://www.jnfilm.or.kr/web_cargo/bbs/injeonnam/202503/10c21350.jpg,낙안읍성,전남 순천시 낙안면 동내리 438-1,34.90613559530928,127.34176553069862,순천시
나의 완벽한 비서,https://www.jnfilm.or.kr/web_cargo/bbs/injeonnam/202503/c789ee58.jpg,영암 국제자동차경주장,전남 영암군 삼호읍 삼포리 1904,34.73596082831428,126.41034065000444,영암군
오징어 게임 2,https://www.jnfilm.or.kr/web_cargo/bbs/injeonnam/202503/751126ef.jpg,큰끝등대,전남 여수시 돌산읍 평사리 산 1-1,34.6604487103373,127.805358717558,여수시
대가족,https://www.jnfilm.or.kr/web_cargo/bbs/injeonnam/202412/5e782c90.jpg,장성 백양사,전남 장성군 북하면 약수리 26,35.43938477713701,126.88339439583986,장성군
옥씨부인전,https://www.jnfilm.or.kr/web_cargo/bbs/injeonnam/202412/091c2995.jpg,쌍산재,전남 구례군 마산면 사도리 632,35.21575369398138,127.49804338860984,구례군
가석방 심사관 이한신,https://www.jnfilm.or.kr/web_cargo/bbs/injeonnam/202411/5ec89e8d.jpg,(구) 장흥교도소,전남 장흥군 용산면 어산리 962,34.62939199157511,126.90022014505392,장흥군
O'PENing(오프닝) 2024 - 수령인,https://www.jnfilm.or.kr/web_cargo/bbs/injeonnam/230/JNFC_230.jpg,진도 운림산방,전남 진도군 의신면 사천리 61,34.4663734250738,126.308532597986,진도군
정숙한 세일즈,https://www.jnfilm.or.kr/web_cargo/bbs/injeonnam/233/JNFC_233.jpg,담양 담양호,전남 담양군 용면 월계리 411-4,35.398751699949614,127.006001556352,담양군
정년이,https://www.jnfilm.or.kr/web_cargo/bbs/injeonnam/234/JNFC_234.jpg,낙안읍성,전남 순천시 낙안면 동내리 438-1,34.90613559530928,127.34176553069862,순천시
이토록 친밀한 배신자,https://www.jnfilm.or.kr/web_cargo/bbs/injeonnam/232/JNFC_232.jpg,장흥 곰치재터널,전남 장흥군 장평면 우산리 산 39,34.8290866652088,126.93589249285584,장흥군
"전,란",https://www.jnfilm.or.kr/web_cargo/bbs/injeonnam/231/JNFC_231.jpg,낙안읍성,전남 순천시 낙안면 동내리 438-1,34.90613559530928,127.34176553069862,순천시
개소리,https://www.jnfilm.or.kr/web_cargo/bbs/injeonnam/229/JNFC_229.jpg,순천만국가정원 경관정원,전남 순천시 풍덕동 332-11,34.9328654392534,127.504112842827,순천시
파친코 시즌2,https://www.jnfilm.or.kr/web_cargo/bbs/injeonnam/228/JNFC_228.jpg,(구) 목포공립심상소학교 (유달초등학교),전남 목포시 중동2가 7-4,34.7862745861124,126.379375330126,목포시
행복의 나라,https://www.jnfilm.or.kr/web_cargo/bbs/injeonnam/225/JNFC_225.jpg,(구) 장흥교도소,전남 장흥군 용산면 어산리 962,34.62939199157511,126.90022014505392,장흥군
빅토리,https://www.jnfilm.or.kr/web_cargo/bbs/injeonnam/227/JNFC_227.jpg,순천 금당고등학교,전남 순천시 조례동 450-7,34.9510533831138,127.524572567559,순천시
리볼버,https://www.jnfilm.or.kr/web_cargo/bbs/injeonnam/224/JNFC_224.jpg,순천 거차어촌마을,전남 순천시 별량면 마산리 724-1,34.8370905170234,127.446599140189,순천시
탈주,https://www.jnfilm.or.kr/web_cargo/bbs/injeonnam/223/JNFC_223.jpg,광양 (폐) 터널,전남 광양시 중군동 산 118-22,34.963876546093445,127.65468281976374,광양시
돌풍,https://www.jnfilm.or.kr/web_cargo/bbs/injeonnam/222/JNFC_222.jpg,(구) 장흥교도소,전남 장흥군 용산면 어산리 962,34.62939199157511,126.90022014505392,장흥군
하이재킹,https://www.jnfilm.or.kr/web_cargo/bbs/injeonnam/221/JNFC_221.jpg,(구) 장흥교도소,전남 장흥군 용산면 어산리 962,34.62939199157511,126.90022014505392,장흥군
목화솜 피는 날,https://www.jnfilm.or.kr/web_cargo/bbs/injeonnam/220/JNFC_220.jpg,목포 신항만,전남 목포시 달동 1329,34.7562091834203,126.3543819595644,목포시
삼식이삼촌,https://www.jnfilm.or.kr/web_cargo/bbs/injeonnam/192/JNFC_192.JPG,해남 옥매광산,전남 해남군 황산면 옥동리 산 27,34.56624330122241,126.35570439528236,해남군
BEGINS ≠ YOUTH,https://www.jnfilm.or.kr/web_cargo/bbs/injeonnam/202503/1903dc56.jpg,죽도봉,전남 순천시 조곡동 산 64-7,34.9537469787138,127.494421378498,순천시
종말의 바보,https://www.jnfilm.or.kr/web_cargo/bbs/injeonnam/219/JNFC_219.jpg,(구) 장흥교도소,전남 장흥군 용산면 어산리 962,34.62939199157511,126.90022014505392,장흥군
수사반장1958,https://www.jnfilm.or.kr/web_cargo/bbs/injeonnam/187/JNFC_187.JPG,순천드라마촬영장,전남 순천시 조례동 23,34.9584569682125,127.538244213124,순천시
세자가 사라졌다,https://www.jnfilm.or.kr/web_cargo/bbs/injeonnam/186/JNFC_186.JPG,순천만국가정원_한국정원,전남 순천시 오천동 460,34.9268464940016,127.496111752414,순천시
씬,https://www.jnfilm.or.kr/web_cargo/bbs/injeonnam/202503/ff99e3b2.jpg,순천부 읍성 남문터광장,전남 순천시 영동 5-4,34.9538426034412,127.4836556507891,순천시
1박 2일,https://www.jnfilm.or.kr/web_cargo/bbs/injeonnam/218/JNFC_218.jpg,여수 이순신광장,전남 여수시 중앙동 383,34.7394475965836,127.736049922969,여수시
로얄로더,https://www.jnfilm.or.kr/web_cargo/bbs/injeonnam/217/JNFC_217.jpg,(구) 장흥교도소,전남 장흥군 용산면 어산리 962,34.62939199157511,126.90022014505392,장흥군
"세작, 매혹된 자들",https://www.jnfilm.or.kr/web_cargo/bbs/injeonnam/193/JNFC_193.JPG,낙안읍성,전남 순천시 낙안면 동내리 438-1,34.90613559530928,127.34176553069862,순천시
외계+인 2부,https://www.jnfilm.or.kr/web_cargo/bbs/injeonnam/185/JNFC_185.jpg,낙안읍성,전남 순천시 낙안면 동내리 438-1,34.90613559530928,127.34176553069862,순천시
"이재, 곧 죽습니다 (TVING)",https://www.jnfilm.or.kr/web_cargo/bbs/injeonnam/184/JNFC_184.jpg,(구) 장흥교도소,전남 장흥군 용산면 어산리 962,34.62939199157511,126.90022014505392,장흥군
노량: 죽음의 바다,https://www.jnfilm.or.kr/web_cargo/bbs/injeonnam/177/JNFC_177.jpg,순천왜성,전남 순천시 해룡면 신성리 산 1,34.907262893499,127.581156322184,순천시
스위트홈 시즌2 (넷플릭스),https://www.jnfilm.or.kr/web_cargo/bbs/injeonnam/181/JNFC_181.jpg,(구) 장흥교도소,전남 장흥군 용산면 어산리 962,34.62939199157511,126.90022014505392,장흥군
그림자 고백,https://www.jnfilm.or.kr/web_cargo/bbs/injeonnam/206/JNFC_206.jpg,낙안읍성,전남 순천시 낙안면 동내리 438-1,34.90613559530928,127.34176553069862,순천시
서울의 봄,https://www.jnfilm.or.kr/web_cargo/bbs/injeonnam/172/JNFC_172.jpg,스타인벡코리아,전남 광양시 중동 1816-1,34.92284920627,127.690756965724,광양시
독전 2,https://www.jnfilm.or.kr/web_cargo/bbs/injeonnam/202503/f087cb2b.jpg,여수 (폐) 우리수산,전남 여수시 국동 37-91,34.7288118983385,127.722063422282,여수시
더 와일드 : 야수들의 전쟁,https://www.jnfilm.or.kr/web_cargo/bbs/injeonnam/202503/87757844.jpg,(구) 장흥교도소,전남 장흥군 용산면 어산리 962,34.62939199157511,126.90022014505392,장흥군
혼례대첩,https://www.jnfilm.or.kr/web_cargo/bbs/injeonnam/194/JNFC_194.JPG,낙안읍성,전남 순천시 낙안면 동내리 438-1,34.90613559530928,127.34176553069862,순천시
악인전기 (ENA),https://www.jnfilm.or.kr/web_cargo/bbs/injeonnam/182/JNFC_182.jpg,(구) 장흥교도소,전남 장흥군 용산면 어산리 962,34.62939199157511,126.90022014505392,장흥군
1947 보스톤,https://www.jnfilm.or.kr/web_cargo/bbs/injeonnam/202505/e101a1e3.jpg,(구) 목포공립심상소학교 (유달초등학교),전남 목포시 중동2가 7-4,34.7862745861124,126.379375330126,목포시
도적: 칼의소리,https://www.jnfilm.or.kr/web_cargo/bbs/injeonnam/179/JNFC_179.jpg,섬진강기차마을,전남 곡성군 오곡면 오지리 770-5,35.2795563224554,127.30786766033,곡성군
마스크걸,https://www.jnfilm.or.kr/web_cargo/bbs/injeonnam/189/JNFC_189.JPG,목포 달맞이공원,전남 목포시 상동 1119-2,34.7947010899447,126.427230986417,목포시
국민사형투표 (SBS),https://www.jnfilm.or.kr/web_cargo/bbs/injeonnam/183/JNFC_183.jpg,(구) 장흥교도소,전남 장흥군 용산면 어산리 962,34.62939199157511,126.90022014505392,장흥군
무빙 (디즈니+),https://www.jnfilm.or.kr/web_cargo/bbs/injeonnam/178/JNFC_178.jpg,효산고등학교,전남 순천시 용당동 403-2,34.9728368867985,127.49649840597,순천시
DP 시즌2,https://www.jnfilm.or.kr/web_cargo/bbs/injeonnam/191/JNFC_191.JPG,여수엑스포역,전남 여수시 덕충동 61-7,34.75306663529482,127.74864067327242,여수시
밀수,https://www.jnfilm.or.kr/web_cargo/bbs/injeonnam/202503/f803616f.jpg,순천드라마촬영장,전남 순천시 조례동 23,34.9584569682125,127.538244213124,순천시
남남 (ENA),https://www.jnfilm.or.kr/web_cargo/bbs/injeonnam/180/JNFC_180.jpg,소호동동다리,전남 여수시 소호동 498-1,34.74087611212171,127.65074568267204,여수시
악귀,https://www.jnfilm.or.kr/web_cargo/bbs/injeonnam/202/JNFC_202.jpg,낙안읍성,전남 순천시 낙안면 동내리 438-1,34.90613559530928,127.34176553069862,순천시
귀공자,https://www.jnfilm.or.kr/web_cargo/bbs/injeonnam/176/JNFC_176.jpg,장성 (폐) 고속도로,전남 장성군 장성읍 유탕리 1625-38,35.31131378121752,126.79172243029193,장성군
송암동,https://www.jnfilm.or.kr/web_cargo/bbs/injeonnam/202503/6b4fdb37.jpg,순천드라마촬영장,전남 순천시 조례동 23,34.9584569682125,127.538244213124,순천시
꼬리에 꼬리를 무는 그날 이야기,https://www.jnfilm.or.kr/web_cargo/bbs/injeonnam/188/JNFC_188.jpg,(구) 장흥교도소,전남 장흥군 용산면 어산리 962,34.62939199157511,126.90022014505392,장흥군
구미호뎐 1938,https://www.jnfilm.or.kr/web_cargo/bbs/injeonnam/202503/8d42ff92.jpg,순천드라마촬영장,전남 순천시 조례동 23,34.9584569682125,127.538244213124,순천시
"어쩌다 마주친, 그대",https://www.jnfilm.or.kr/web_cargo/bbs/injeonnam/202503/2aacea28.jpg,화순 사평풍류마을,전남 화순군 사평면 사평리 114-2,35.0037913124379,127.094803060161,화순군
방과 후 전쟁활동 (TVING),https://www.jnfilm.or.kr/web_cargo/bbs/injeonnam/168/JNFC_168.jpg,(구) 장흥교도소,전남 장흥군 용산면 어산리 962,34.62939199157511,126.90022014505392,장흥군
킬링 로맨스,https://www.jnfilm.or.kr/web_cargo/bbs/injeonnam/202503/610d1ff6.jpg,낭도 장사금해수욕장,전남 여수시 화정면 낭도리 475-1,34.6002173397513,127.550534776351,여수시
가려진 섬,https://www.jnfilm.or.kr/web_cargo/bbs/injeonnam/202503/1135ca93.jpg,돌산대교,전남 여수시 남산동 56-5,34.7307428628672,127.73469747694,여수시
꽃선비 열애사 (SBS),https://www.jnfilm.or.kr/web_cargo/bbs/injeonnam/167/JNFC_167.png,담양 만성리 대숲,전남 담양군 담양읍 삼다리 345-1,35.32719001417678,126.9612816533314,담양군
더 글로리 (넷플릭스),https://www.jnfilm.or.kr/web_cargo/bbs/injeonnam/166/JNFC_166.jpg,(구) 장흥교도소,전남 장흥군 용산면 어산리 962,34.62939199157511,126.90022014505392,장흥군
오아시스 (KBS2),https://www.jnfilm.or.kr/web_cargo/bbs/injeonnam/169/JNFC_169.jpg,(구) 장흥교도소,전남 장흥군 용산면 어산리 962,34.62939199157511,126.90022014505392,장흥군
술꾼도시여자들2 (TVING),https://www.jnfilm.or.kr/web_cargo/bbs/injeonnam/171/JNFC_171.jpg,해남 고천암방조제,전남 해남군 황산면 한자리 1637-14,34.5190363922681,126.463735319301,해남군
멍뭉이,https://www.jnfilm.or.kr/web_cargo/bbs/injeonnam/174/JNFC_174.jpg,목포항국제여객터미널,전남 목포시 항동 6-10,34.782017851535656,126.3842787613771,목포시
아일랜드(TVING),https://www.jnfilm.or.kr/web_cargo/bbs/injeonnam/202503/f2085a19.jpg,(구) 삼산중학교,인천 부평구 삼산동 445-1,37.5164485299888,126.73618117666,
모범택시2 (SBS),https://www.jnfilm.or.kr/web_cargo/bbs/injeonnam/170/JNFC_170.jpg,보성 강골 마을,전남 보성군 득량면 오봉리 402-3,34.7626123663559,127.185780432864,보성군
카지노,https://www.jnfilm.or.kr/web_cargo/bbs/injeonnam/190/JNFC_190.JPG,순천기독결핵재활원 (로이스 보양원),전남 순천시 조례동 131-1,34.9627447137361,127.536432785914,순천시
정이,https://www.jnfilm.or.kr/web_cargo/bbs/injeonnam/202503/207c902f.jpg,신안 증도,전남 신안군 증도면 증동리 1930,34.9983562852601,126.170157848137,신안군
조선 정신과 의사 유세풍2,https://www.jnfilm.or.kr/web_cargo/bbs/injeonnam/202503/fe3796e7.jpg,낙안읍성,전남 순천시 낙안면 동내리 438-1,34.90613559530928,127.34176553069862,순천시
법쩐,https://www.jnfilm.or.kr/web_cargo/bbs/injeonnam/202503/66f313f4.jpg,(구) 장흥교도소,전남 장흥군 용산면 어산리 962,34.62939199157511,126.90022014505392,장흥군
스위치,https://www.jnfilm.or.kr/web_cargo/bbs/injeonnam/202503/36b61fb1.jpg,순천만국가정원_도시숲,전남 순천시 풍덕동 338-34,34.9304423798949,127.50544971754,순천시
두뇌공조,https://www.jnfilm.or.kr/web_cargo/bbs/injeonnam/202503/bb3d53d4.jpg,(구) 장흥교도소,전남 장흥군 용산면 어산리 962,34.62939199157511,126.90022014505392,장흥군
종이의 집 : 공동경제구역,https://www.jnfilm.or.kr/web_cargo/bbs/injeonnam/202503/4210e40b.jpg,섬진강기차마을,전남 곡성군 오곡면 오지리 770-5,35.2795563224554,127.30786766033,곡성군
고양막걸리 사수 대작전 (웨이브),https://www.jnfilm.or.kr/web_cargo/bbs/injeonnam/165/JNFC_165.jpeg,곡성 압록 유원지,전남 곡성군 죽곡면 하한리,35.1923730638817,127.377283465248,곡성군
소방서 옆 경찰서 (SBS),https://www.jnfilm.or.kr/web_cargo/bbs/injeonnam/163/JNFC_163.png,순천드라마촬영장,전남 순천시 조례동 23,34.9584569682125,127.538244213124,순천시
커튼콜 (KBS2),https://www.jnfilm.or.kr/web_cargo/bbs/injeonnam/162/JNFC_162.jpg,순천드라마촬영장,전남 순천시 조례동 23,34.9584569682125,127.538244213124,순천시
블라인드 (tvN),https://www.jnfilm.or.kr/web_cargo/bbs/injeonnam/161/JNFC_161_1.jpg,(구) 장흥교도소,전남 장흥군 용산면 어산리 962,34.62939199157511,126.90022014505392,장흥군
수리남,https://www.jnfilm.or.kr/web_cargo/bbs/injeonnam/202503/d78ccfd2.jpg,고흥항공센터,전남 고흥군 고흥읍 고소리 1167,34.61067697169873,127.20844211150796,고흥군
조선변호사,https://www.jnfilm.or.kr/web_cargo/bbs/injeonnam/202503/6d891057.jpg,낙안읍성,전남 순천시 낙안면 동내리 438-1,34.90613559530928,127.34176553069862,순천시
빅마우스,https://www.jnfilm.or.kr/web_cargo/bbs/injeonnam/202503/4d1fc06f.jpg,(구) 장흥교도소,전남 장흥군 용산면 어산리 962,34.62939199157511,126.90022014505392,장흥군
아다마스 (tvN),https://www.jnfilm.or.kr/web_cargo/bbs/injeonnam/160/JNFC_160_1.jpg,(구) 장흥교도소,전남 장흥군 용산면 어산리 962,34.62939199157511,126.90022014505392,장흥군
한산: 용의 출현,https://www.jnfilm.or.kr/web_cargo/bbs/injeonnam/173/JNFC_173.jpg,흥국사,전남 여수시 중흥동 17,34.8211395359047,127.700496063595,여수시
외계+인 1부,https://www.jnfilm.or.kr/web_cargo/bbs/injeonnam/175/JNFC_175.jpg,낙안읍성,전남 순천시 낙안면 동내리 438-1,34.90613559530928,127.34176553069862,순천시
안나,https://www.jnfilm.or.kr/web_cargo/bbs/injeonnam/202503/4f115bdf.jpg,연희네슈퍼,전남 목포시 서산동 12-89,34.78171633298341,126.3772790647643,목포시
환혼 (tvN),https://www.jnfilm.or.kr/web_cargo/bbs/injeonnam/158/JNFC_158_1.jpg,백운동정원,전남 강진군 성전면 월남리 1216-24,34.743470599857325,126.69982954141918,강진군
징크스의 연인,https://www.jnfilm.or.kr/web_cargo/bbs/injeonnam/202503/8333f4fb.jpg,(구) 장흥교도소,전남 장흥군 용산면 어산리 962,34.62939199157511,126.90022014505392,장흥군
인사이더,https://www.jnfilm.or.kr/web_cargo/bbs/injeonnam/202503/c71042d0.jpg,(구) 장흥교도소,전남 장흥군 용산면 어산리 962,34.62939199157511,126.90022014505392,장흥군
닥터로이어 (MBC),https://www.jnfilm.or.kr/web_cargo/bbs/injeonnam/157/JNFC_157_1.jpg,(구) 장흥교도소,전남 장흥군 용산면 어산리 962,34.62939199157511,126.90022014505392,장흥군
춘정지란 (왓챠),https://www.jnfilm.or.kr/web_cargo/bbs/injeonnam/156/JNFC_156_1.jpg,순천왜성,전남 순천시 해룡면 신성리 산 1,34.907262893499,127.581156322184,순천시
우라까이 하루키 (티빙),https://www.jnfilm.or.kr/web_cargo/bbs/injeonnam/155/JNFC_155_1.jpg,산정동 골목,전남 목포시 산정동 1686-18,34.8035129331836,126.373756993927,목포시
붉은 단심 (KBS2),https://www.jnfilm.or.kr/web_cargo/bbs/injeonnam/154/JNFC_154.jpg,낙안읍성,전남 순천시 낙안면 동내리 438-1,34.90613559530928,127.34176553069862,순천시
내일 (MBC),https://www.jnfilm.or.kr/web_cargo/bbs/injeonnam/153/JNFC_153.jpg,순천드라마촬영장,전남 순천시 조례동 23,34.9584569682125,127.538244213124,순천시
파친코 (애플티비),https://www.jnfilm.or.kr/web_cargo/bbs/injeonnam/152/JNFC_152.jpg,순천드라마촬영장,전남 순천시 조례동 23,34.9584569682125,127.538244213124,순천시
뜨거운 피,https://www.jnfilm.or.kr/web_cargo/bbs/injeonnam/119/JNFC_83.jpg,신안비치호텔,전남 목포시 죽교동 440-4,34.785508467954024,126.36921802140547,목포시
인민을 위해 복무하라,https://www.jnfilm.or.kr/web_cargo/bbs/injeonnam/124/JNFC_89.jpeg,순천드라마촬영장,전남 순천시 조례동 23,34.9584569682125,127.538244213124,순천시
서른아홉 (JTBC),https://www.jnfilm.or.kr/web_cargo/bbs/injeonnam/151/JNFC_117.jpeg,(구) 장흥교도소,전남 장흥군 용산면 어산리 962,34.62939199157511,126.90022014505392,장흥군
지금 우리 학교는,https://www.jnfilm.or.kr/web_cargo/bbs/injeonnam/202503/4eacc66e.jpg,(구) 장흥교도소,전남 장흥군 용산면 어산리 962,34.62939199157511,126.90022014505392,장흥군
킹메이커,https://www.jnfilm.or.kr/web_cargo/bbs/injeonnam/118/JNFC_82.jpg,(폐) 조선내화주식회사 구목포공장,전남 목포시 온금동 122-6,34.7822243358993,126.372115263111,목포시
악의 마음을 읽는 자들 (SBS),https://www.jnfilm.or.kr/web_cargo/bbs/injeonnam/150/JNFC_116.jpeg,광양시청,전남 광양시 중동 1313,34.9404252535637,127.695930772812,광양시
꽃피면 달 생각하고 (KBS2),https://www.jnfilm.or.kr/web_cargo/bbs/injeonnam/147/JNFC_113.jpeg,담양 명옥헌원림,전남 담양군 고서면 산덕리 513,35.2196299104694,126.996102965041,담양군
설강화 (JTBC),https://www.jnfilm.or.kr/web_cargo/bbs/injeonnam/144/JNFC_110.png,(구) 장흥교도소,전남 장흥군 용산면 어산리 962,34.62939199157511,126.90022014505392,장흥군
배드 앤 크레이지 (tvN),https://www.jnfilm.or.kr/web_cargo/bbs/injeonnam/148/JNFC_114.jpeg,(구) 장흥교도소,전남 장흥군 용산면 어산리 962,34.62939199157511,126.90022014505392,장흥군
쇼윈도: 여왕의 집 (채널A),https://www.jnfilm.or.kr/web_cargo/bbs/injeonnam/146/JNFC_112.png,금오도_신선대,전남 여수시 남면 유송리 1141-2,34.5322675455201,127.70733077412,여수시
어느 날,https://www.jnfilm.or.kr/web_cargo/bbs/injeonnam/202503/80a8cb99.jpg,(구) 장흥교도소,전남 장흥군 용산면 어산리 962,34.62939199157511,126.90022014505392,장흥군
옷소매 붉은 끝동 (MBC),https://www.jnfilm.or.kr/web_cargo/bbs/injeonnam/142/JNFC_108.jpeg,낙안읍성,전남 순천시 낙안면 동내리 438-1,34.90613559530928,127.34176553069862,순천시
어사와 조이 (tvN),https://www.jnfilm.or.kr/web_cargo/bbs/injeonnam/145/JNFC_111.jpeg,낙안읍성,전남 순천시 낙안면 동내리 438-1,34.90613559530928,127.34176553069862,순천시
크라임퍼즐,https://www.jnfilm.or.kr/web_cargo/bbs/injeonnam/202503/2b57ef3e.jpg,(구) 장흥교도소,전남 장흥군 용산면 어산리 962,34.62939199157511,126.90022014505392,장흥군
지리산 (tvN),https://www.jnfilm.or.kr/web_cargo/bbs/injeonnam/132/JNFC_99.jpeg,(구) 장흥교도소,전남 장흥군 용산면 어산리 962,34.62939199157511,126.90022014505392,장흥군
동백,https://www.jnfilm.or.kr/web_cargo/bbs/injeonnam/202503/98abd257.jpg,순천드라마촬영장,전남 순천시 조례동 23,34.9584569682125,127.538244213124,순천시
연모 (KBS2),https://www.jnfilm.or.kr/web_cargo/bbs/injeonnam/149/JNFC_115.jpeg,낙안읍성,전남 순천시 낙안면 동내리 438-1,34.90613559530928,127.34176553069862,순천시
홈타운 (tvN),https://www.jnfilm.or.kr/web_cargo/bbs/injeonnam/143/JNFC_109.jpeg,(구) 장흥교도소,전남 장흥군 용산면 어산리 962,34.62939199157511,126.90022014505392,장흥군
검은태양 (MBC),https://www.jnfilm.or.kr/web_cargo/bbs/injeonnam/141/JNFC_107.jpeg,퀸제누비아호,전남 목포시 해안동1가 10-6,34.780230161962,126.382278572314,목포시
너는 나의 봄 (tvN),https://www.jnfilm.or.kr/web_cargo/bbs/injeonnam/128/JNFC_103.jpeg,순천기독결핵재활원 (로이스 보양원),전남 순천시 조례동 131-1,34.9627447137361,127.536432785914,순천시
악마판사 (tvN),https://www.jnfilm.or.kr/web_cargo/bbs/injeonnam/140/JNFC_106.jpeg,(구) 장흥교도소,전남 장흥군 용산면 어산리 962,34.62939199157511,126.90022014505392,장흥군
"갓뎀, 유",https://www.jnfilm.or.kr/web_cargo/bbs/injeonnam/202503/aa7ae574.jpg,(구) 장흥교도소,전남 장흥군 용산면 어산리 962,34.62939199157511,126.90022014505392,장흥군
알고있지만 (JTBC),https://www.jnfilm.or.kr/web_cargo/bbs/injeonnam/139/JNFC_105.jpeg,여수 여유도예공방,전남 여수시 만흥동 47-6,34.7792220395699,127.745304487875,여수시
여고괴담 여섯번째 이야기 : 모교,https://www.jnfilm.or.kr/web_cargo/bbs/injeonnam/120/JNFC_84.jpg,장흥우리병원,전남 장흥군 장흥읍 건산리 402-1,34.6783699571374,126.911134334395,장흥군
샤크 : 더 비기닝,https://www.jnfilm.or.kr/web_cargo/bbs/injeonnam/202503/a3ece1d9.jpg,(구) 장흥교도소,전남 장흥군 용산면 어산리 962,34.62939199157511,126.90022014505392,장흥군
GODOK (고독) - 사이비 (Pseudo) (MV),https://www.jnfilm.or.kr/web_cargo/bbs/injeonnam/202503/55341751.jpg,(구) 장흥교도소,전남 장흥군 용산면 어산리 962,34.62939199157511,126.90022014505392,장흥군
B.I - 해변 (illa illa) (MV),https://www.jnfilm.or.kr/web_cargo/bbs/injeonnam/202503/8152a443.jpg,(구) 삼산중학교,인천 부평구 삼산동 445-1,37.5164485299888,126.73618117666,
라켓소년단 (SBS),https://www.jnfilm.or.kr/web_cargo/bbs/injeonnam/129/JNFC_102.jpeg,순천팔마종합운동장_실내체육관,전남 순천시 연향동 771,34.9352924967571,127.519813774748,순천시
범털2 : 쩐의 전쟁,https://www.jnfilm.or.kr/web_cargo/bbs/injeonnam/126/JNFC_92.jpeg,돌산대교,전남 여수시 남산동 56-5,34.7307428628672,127.73469747694,여수시
오월의 청춘 (KBS2),https://www.jnfilm.or.kr/web_cargo/bbs/injeonnam/127/JNFC_104.jpeg,순천드라마촬영장,전남 순천시 조례동 23,34.9584569682125,127.538244213124,순천시
보쌈 (MBN),https://www.jnfilm.or.kr/web_cargo/bbs/injeonnam/130/JNFC_101.jpeg,낙안읍성,전남 순천시 낙안면 동내리 438-1,34.90613559530928,127.34176553069862,순천시
"다크홀 (OCN, tvN)",https://www.jnfilm.or.kr/web_cargo/bbs/injeonnam/134/JNFC_97.jpeg,(구) 삼산중학교,인천 부평구 삼산동 445-1,37.5164485299888,126.73618117666,
서복,https://www.jnfilm.or.kr/web_cargo/bbs/injeonnam/202505/4764ae82.jpg,광양 이순신 대교,전남 광양시 금호동 920,34.90973666593992,127.70493085380974,광양시
자산어보,https://www.jnfilm.or.kr/web_cargo/bbs/injeonnam/121/JNFC_86.jpg,강진 다산초당,전남 강진군 도암면 만덕리 산 103-3,34.5807627151258,126.745059019488,강진군
마우스 (tvN),https://www.jnfilm.or.kr/web_cargo/bbs/injeonnam/131/JNFC_100.jpeg,(구) 장흥교도소,전남 장흥군 용산면 어산리 962,34.62939199157511,126.90022014505392,장흥군
빈센조 (tvN),https://www.jnfilm.or.kr/web_cargo/bbs/injeonnam/133/JNFC_98.jpeg,스타인벡코리아,전남 광양시 중동 1816-1,34.92284920627,127.690756965724,광양시
차인표,https://www.jnfilm.or.kr/web_cargo/bbs/injeonnam/202505/676c627b.jpg,(구) 승평중학교,전남 순천시 해룡면 신대리 1967,34.9380107159367,127.545387433668,순천시
해피니스,https://www.jnfilm.or.kr/web_cargo/bbs/injeonnam/202503/3b56c8ad.jpg,돌산대교,전남 여수시 남산동 56-5,34.7307428628672,127.73469747694,여수시
이웃사촌,https://www.jnfilm.or.kr/web_cargo/bbs/injeonnam/202505/e1fd7ac5.jpg,광양 황금2교,전남 광양시 황금동 2325,34.91473347751405,127.61842425007372,광양시
도도솔솔라라솔 (KBS2),https://www.jnfilm.or.kr/web_cargo/bbs/injeonnam/135/JNFC_96.jpeg,도도솔솔라라솔 드라마촬영지,전남 목포시 서산동 8-28,34.7828755895212,126.377467008555,목포시
디바,https://www.jnfilm.or.kr/web_cargo/bbs/injeonnam/202505/a737b374.jpg,함평 대동저수지,전남 함평군 신광면 월암리 776-1,35.13575288334248,126.5078975534413,함평군
프리즈너,https://www.jnfilm.or.kr/web_cargo/bbs/injeonnam/122/JNFC_87.jpeg,(구) 장흥교도소,전남 장흥군 용산면 어산리 962,34.62939199157511,126.90022014505392,장흥군
바람과 구름과 비 (TV 조선),https://www.jnfilm.or.kr/web_cargo/bbs/injeonnam/138/JNFC_93.jpeg,낙안읍성,전남 순천시 낙안면 동내리 438-1,34.90613559530928,127.34176553069862,순천시
저 산 너머,https://www.jnfilm.or.kr/web_cargo/bbs/injeonnam/55/JNFC_80.jpg,낙안읍성,전남 순천시 낙안면 동내리 438-1,34.90613559530928,127.34176553069862,순천시
본 어게인 (KBS2),https://www.jnfilm.or.kr/web_cargo/bbs/injeonnam/137/JNFC_94.jpeg,(구) 장흥교도소,전남 장흥군 용산면 어산리 962,34.62939199157511,126.90022014505392,장흥군
더 게임: 0시를 향하여(MBC),https://www.jnfilm.or.kr/web_cargo/bbs/injeonnam/54/JNFC_79.jpg,(구) 장흥교도소,전남 장흥군 용산면 어산리 962,34.62939199157511,126.90022014505392,장흥군
백두산,https://www.jnfilm.or.kr/web_cargo/bbs/injeonnam/49/JNFC_74.jpg,광양 광양항 국제여객터미널,전남 광양시 중동 1893,34.9220704651011,127.697062753107,광양시
타짜:원 아이드 잭,https://www.jnfilm.or.kr/web_cargo/bbs/injeonnam/50/JNFC_75.jpg,강진 만덕호,전남 강진군 도암면 학장리 970,34.56562709728189,126.76137010064082,강진군
광대들: 풍문조작단,https://www.jnfilm.or.kr/web_cargo/bbs/injeonnam/45/JNFC_65.jpg,해남 대흥사,전남 해남군 삼산면 구림리 799,34.476259217860296,126.61686693903478,해남군
나랏말싸미,https://www.jnfilm.or.kr/web_cargo/bbs/injeonnam/42/JNFC_69.JPG,송광사,전남 순천시 송광면 신평리 12,35.00218023003931,127.2761303580498,순천시
롱 리브 더 킹 : 목포 영웅,https://www.jnfilm.or.kr/web_cargo/bbs/injeonnam/39/JNFC_70.jpg,신안비치호텔,전남 목포시 죽교동 440-4,34.785508467954024,126.36921802140547,목포시
이몽(MBC),https://www.jnfilm.or.kr/web_cargo/bbs/injeonnam/48/JNFC_73_1.jpg,순천드라마촬영장,전남 순천시 조례동 23,34.9584569682125,127.538244213124,순천시
녹두꽃(SBS),https://www.jnfilm.or.kr/web_cargo/bbs/injeonnam/51/JNFC_76_1.jpg,보성 열화정,전남 보성군 득량면 오봉리 230,34.7637701627731,127.187884612359,보성군
크게 될 놈,https://www.jnfilm.or.kr/web_cargo/bbs/injeonnam/27/JNFC_50.jpg,(구) 장흥교도소,전남 장흥군 용산면 어산리 962,34.62939199157511,126.90022014505392,장흥군
"다시, 봄",https://www.jnfilm.or.kr/web_cargo/bbs/injeonnam/44/JNFC_67.jpg,돌산도 향일암,전남 여수시 돌산읍 율림리 산 7-2,34.59158232458308,127.80382155501272,여수시
빙의(OCN),https://www.jnfilm.or.kr/web_cargo/bbs/injeonnam/52/JNFC_77.jpg,율촌성당중산공소,전남 여수시 율촌면 가장리 846-1,34.8457237502704,127.556428794398,여수시
자전차왕 엄복동,https://www.jnfilm.or.kr/web_cargo/bbs/injeonnam/29/JNFC_52.jpg,담양 메타쉐콰이어길,전남 담양군 담양읍 금월리 36-2,35.33409191544845,127.0177791322334,담양군
드라마 스테이지 - 파고,https://www.jnfilm.or.kr/web_cargo/bbs/injeonnam/202505/9bc97f0f.jpg,여수 남면 연도리,전남 여수시 남면 연도리,34.4366994377789,127.802220124847,여수시
뺑반,https://www.jnfilm.or.kr/web_cargo/bbs/injeonnam/37/JNFC_66.jpg,영암 국제자동차경주장,전남 영암군 삼호읍 삼포리 1904,34.73596082831428,126.41034065000444,영암군
극한직업,https://www.jnfilm.or.kr/web_cargo/bbs/injeonnam/43/JNFC_68.jpg,스타인벡코리아,전남 광양시 중동 1816-1,34.92284920627,127.690756965724,광양시
말모이,https://www.jnfilm.or.kr/web_cargo/bbs/injeonnam/38/JNFC_64.jpg,순천드라마촬영장,전남 순천시 조례동 23,34.9584569682125,127.538244213124,순천시
PMC: 더 벙커 (Take Point),https://www.jnfilm.or.kr/web_cargo/bbs/injeonnam/28/JNFC_51.jpg,여수 마래 2터널,전남 여수시 덕충동 산 7-4,34.763329261655365,127.7502067791552,여수시
마약왕,https://www.jnfilm.or.kr/web_cargo/bbs/injeonnam/31/JNFC_55.jpg,순천팔마종합운동장_실내체육관,전남 순천시 연향동 771,34.9352924967571,127.519813774748,순천시
리벤져,https://www.jnfilm.or.kr/web_cargo/bbs/injeonnam/34/JNFC_60.jpg,광양 스타인벡코리아 물류창고,전남 광양시 중동 1816-1,34.92284920627,127.690756965724,광양시
플레이어(ocn),https://www.jnfilm.or.kr/web_cargo/bbs/injeonnam/36/JNFC_62.JPG,이순신마리나,전남 여수시 웅천동 1873-1,34.7454505180698,127.673171555126,여수시
흉부외과:심장을 훔친 의사들(SBS),https://www.jnfilm.or.kr/web_cargo/bbs/injeonnam/46/JNFC_72.jpg,목포한국병원,전남 목포시 상동 149-2,34.8092159034335,126.41633727291,목포시
하나뿐인 내편(KBS2),https://www.jnfilm.or.kr/web_cargo/bbs/injeonnam/41/JNFC_63.jpg,(구) 장흥교도소,전남 장흥군 용산면 어산리 962,34.62939199157511,126.90022014505392,장흥군
손 the guest(OCN),https://www.jnfilm.or.kr/web_cargo/bbs/injeonnam/47/JNFC_71.jpg,신지 명사십리,전남 완도군 신지면 신리 797-20,34.3268890790884,126.812664335897,완도군
백일의 낭군님(tvn),https://www.jnfilm.or.kr/web_cargo/bbs/injeonnam/35/JNFC_61.jpg,낙안읍성,전남 순천시 낙안면 동내리 438-1,34.90613559530928,127.34176553069862,순천시
미스터 션샤인,https://www.jnfilm.or.kr/web_cargo/bbs/injeonnam/40/JNFC_58_1.jpg,낙안읍성,전남 순천시 낙안면 동내리 438-1,34.90613559530928,127.34176553069862,순천시
마녀,https://www.jnfilm.or.kr/web_cargo/bbs/injeonnam/26/JNFC_49.jpg,광양읍 시계탑사거리,전남 광양시 광양읍 목성리,34.9742002106212,127.589154065722,광양시
7년의 밤,https://www.jnfilm.or.kr/web_cargo/bbs/injeonnam/10/JNFC_17.jpg,순천드라마촬영장,전남 순천시 조례동 23,34.9584569682125,127.538244213124,순천시
tvN 문집,https://www.jnfilm.or.kr/web_cargo/bbs/injeonnam/22/JNFC_28.jpg,낙안읍성,전남 순천시 낙안면 동내리 438-1,34.90613559530928,127.34176553069862,순천시
1987,https://www.jnfilm.or.kr/web_cargo/bbs/injeonnam/30/JNFC_54.jpg,연희네슈퍼,전남 목포시 서산동 12-89,34.78171633298341,126.3772790647643,목포시
반드시 잡는다,https://www.jnfilm.or.kr/web_cargo/bbs/injeonnam/202505/ce58d3db.jpg,달성아파트,대구 수성구 이천동 산 36-1,35.8473921940963,128.665917008017,
슬기로운 감빵생활,https://www.jnfilm.or.kr/web_cargo/bbs/injeonnam/33/JNFC_57.JPG,(구) 장흥교도소,전남 장흥군 용산면 어산리 962,34.62939199157511,126.90022014505392,장흥군
살인자의 기억법,https://www.jnfilm.or.kr/web_cargo/bbs/injeonnam/21/JNFC_19_1.jpg,순천드라마촬영장,전남 순천시 조례동 23,34.9584569682125,127.538244213124,순천시
V.I.P.,https://www.jnfilm.or.kr/web_cargo/bbs/injeonnam/17/JNFC_26.jpg,순천드라마촬영장,전남 순천시 조례동 23,34.9584569682125,127.538244213124,순천시
꽃 피어라 달순아,https://www.jnfilm.or.kr/web_cargo/bbs/injeonnam/23/JNFC_46.jpg,순천드라마촬영장,전남 순천시 조례동 23,34.9584569682125,127.538244213124,순천시
택시운전사,https://www.jnfilm.or.kr/web_cargo/bbs/injeonnam/202411/9d512d0c.jpg,성동카공업사,전남 순천시 동외동 229-4,34.95324338975881,127.4890078736102,순천시
왕은 사랑한다,https://www.jnfilm.or.kr/web_cargo/bbs/injeonnam/24/JNFC_47.jpg,낙안읍성,전남 순천시 낙안면 동내리 438-1,34.90613559530928,127.34176553069862,순천시
마차타고 고래고래,https://www.jnfilm.or.kr/web_cargo/bbs/injeonnam/202505/3a378522.jpg,담양 메타쉐콰이어길,전남 담양군 담양읍 금월리 36-2,35.33409191544845,127.0177791322334,담양군
프리즌,https://www.jnfilm.or.kr/web_cargo/bbs/injeonnam/202505/23f14f6f.jpg,(구) 장흥교도소,전남 장흥군 용산면 어산리 962,34.62939199157511,126.90022014505392,장흥군
루시드 드림,https://www.jnfilm.or.kr/web_cargo/bbs/injeonnam/202505/a33208f3.jpg,담양 담양호,전남 담양군 용면 월계리 411-4,35.398751699949614,127.006001556352,담양군
조작된 도,https://www.jnfilm.or.kr/web_cargo/bbs/injeonnam/202505/057c87cf.jpg,여수세계박람회,전남 여수시 덕충동 2005,34.7507842904887,127.7476164381326,여수시
피고인,https://www.jnfilm.or.kr/web_cargo/bbs/injeonnam/25/JNFC_48.jpg,(구) 장흥교도소,전남 장흥군 용산면 어산리 962,34.62939199157511,126.90022014505392,장흥군
"무현, 두 도시 이야기 다큐멘터리",https://www.jnfilm.or.kr/web_cargo/bbs/injeonnam/19/JNFC_27.jpg,돌산대교,전남 여수시 남산동 56-5,34.7307428628672,127.73469747694,여수시
TV소설 저 하늘에 태양이,https://www.jnfilm.or.kr/web_cargo/bbs/injeonnam/18/JNFC_25.jpg,순천드라마촬영장,전남 순천시 조례동 23,34.9584569682125,127.538244213124,순천시
덕혜옹주,https://www.jnfilm.or.kr/web_cargo/bbs/injeonnam/11/JNFC_18.jpg,우전해수욕장,전남 신안군 증도면 우전리,34.9714714447936,126.137153901466,신안군
사냥,https://www.jnfilm.or.kr/web_cargo/bbs/injeonnam/202505/048283c8.jpg,화순 광업소,전남 화순군 동면 복암리 893-3,35.0326961546462,127.069017778911,화순군
아가씨,https://www.jnfilm.or.kr/web_cargo/bbs/injeonnam/202505/dce2cc7b.jpg,고흥 소록도,전남 고흥군 도양읍 소록리 산 152,34.5107738852421,127.118329678403,고흥군
곡성,https://www.jnfilm.or.kr/web_cargo/bbs/injeonnam/202505/839d724f.jpg,곡성 석곡면,전남 곡성군 석곡면 방송리 851-4,35.173559988353134,127.26391758897552,곡성군
나청렴 의원 납치사건,https://www.jnfilm.or.kr/web_cargo/bbs/injeonnam/15/JNFC_23_1.jpg,순천드라마촬영장,전남 순천시 조례동 23,34.9584569682125,127.538244213124,순천시
해어화,https://www.jnfilm.or.kr/web_cargo/bbs/injeonnam/202505/40b6d929.jpg,마띠유,전남 여수시 공화동 766,34.7451810241321,127.744854452262,여수시
몬스터,https://www.jnfilm.or.kr/web_cargo/bbs/injeonnam/12/JNFC_20.jpg,담양레이나CC(다이너스티CC),전남 담양군 담양읍 학동리 산 79,35.3103003584236,127.017136157226,담양군
진해성 - 멋진 여자(MV),https://www.jnfilm.or.kr/web_cargo/bbs/injeonnam/16/JNFC_24.jpg,순천드라마촬영장,전남 순천시 조례동 23,34.9584569682125,127.538244213124,순천시
설행-눈길을 걷다,https://www.jnfilm.or.kr/web_cargo/bbs/injeonnam/8/JNFC_8_13.jpg,나주 노안성당,전남 나주시 노안면 양천리 750,35.1039541661265,126.675148493913,나주시
가화만사성,https://www.jnfilm.or.kr/web_cargo/bbs/injeonnam/13/JNFC_21.jpg,순천드라마촬영장,전남 순천시 조례동 23,34.9584569682125,127.538244213124,순천시
순정,https://www.jnfilm.or.kr/web_cargo/bbs/injeonnam/202505/0e9f5953.jpg,고흥 중산일몰전망대,전남 고흥군 남양면 중산리 625-4,34.7384472692818,127.33169146001,고흥군
동주,https://www.jnfilm.or.kr/web_cargo/bbs/injeonnam/202505/0c8e3949.jpg,목포 국립목포해양대학교,전남 목포시 죽교동 562-84,34.79120153921345,126.36295973474314,목포시
그날의 분위기,https://www.jnfilm.or.kr/web_cargo/bbs/injeonnam/202505/3dd2250f.jpg,돌산도 향일암,전남 여수시 돌산읍 율림리 산 7-2,34.59158232458308,127.80382155501272,여수시
대호,https://www.jnfilm.or.kr/web_cargo/bbs/injeonnam/3/JNFC_5_14.jpg,완도수목원,전남 완도군 군외면 대문리 산 109-1,34.3587653468514,126.666794114806,완도군
돼지 같은 여자,https://www.jnfilm.or.kr/web_cargo/bbs/injeonnam/20/JNFC_30.jpg,여수 화양면 안포리,전남 여수시 화양면 안포리,34.6282508597494,127.642836772489,여수시
"협녀, 칼의 기억",https://www.jnfilm.or.kr/web_cargo/bbs/injeonnam/202505/46419b38.jpg,청해포구촬영장,전남 완도군 완도읍 대신리 1089-3,34.3233683874297,126.6699297213141,완도군
순수의 시대,https://www.jnfilm.or.kr/web_cargo/bbs/injeonnam/1/JNFC_7_18.jpg,소쇄원,전남 담양군 가사문학면 지곡리 123,35.18414216778639,127.01226351442529,담양군
조선명탐정2,https://www.jnfilm.or.kr/web_cargo/bbs/injeonnam/2/JNFC_6_13.jpg,고흥 도화면 구암리,전남 고흥군 도화면 구암리 산 503-1,34.44939144963976,127.34011733185837,고흥군
호구의 사랑,https://www.jnfilm.or.kr/web_cargo/bbs/injeonnam/202505/3cd9d5c5.jpg,돌산대교,전남 여수시 남산동 56-5,34.7307428628672,127.73469747694,여수시
강남1970,https://www.jnfilm.or.kr/web_cargo/bbs/injeonnam/4/JNFC_4_9.jpg,순천드라마촬영장,전남 순천시 조례동 23,34.9584569682125,127.538244213124,순천시
허삼관,https://www.jnfilm.or.kr/web_cargo/bbs/injeonnam/5/JNFC_3_12.jpg,선암사,경남 진주시 수곡면 자매리 493-1,35.2483599737454,127.927755000712,
기술자들,https://www.jnfilm.or.kr/web_cargo/bbs/injeonnam/6/JNFC_2_14.jpg,광양컨테이너부두,전남 광양시 중동,34.9394257605713,127.689109548675,광양시
봄,https://www.jnfilm.or.kr/web_cargo/bbs/injeonnam/61/JNFC_57_17.jpg,보성 강골 마을,전남 보성군 득량면 오봉리 402-3,34.7626123663559,127.185780432864,보성군
우리는 형제입니다,https://www.jnfilm.or.kr/web_cargo/bbs/injeonnam/62/JNFC_56_21.jpg,국동항,전남 여수시 국동,34.7253086314072,127.721832073698,여수시
아이언맨,https://www.jnfilm.or.kr/web_cargo/bbs/injeonnam/202505/44de89e2.jpg,광양 이순신 대교,전남 광양시 금호동 920,34.90973666593992,127.70493085380974,광양시
삼총사,https://www.jnfilm.or.kr/web_cargo/bbs/injeonnam/202505/c7cb2079.jpg,나주 영상테마파크,전남 나주시 공산면 백사리 232-5,34.9776745538223,126.601861555493,나주시
해적,https://www.jnfilm.or.kr/web_cargo/bbs/injeonnam/63/JNFC_55_9.jpg,천관산도립공원,전남 장흥군 관산읍 옥당리 산 97-1,34.5460665443495,126.926213736683,장흥군
명량,https://www.jnfilm.or.kr/web_cargo/bbs/injeonnam/64/JNFC_54_21.jpg,청해포구촬영장,전남 완도군 완도읍 대신리 1089-3,34.3233683874297,126.6699297213141,완도군
도희야,https://www.jnfilm.or.kr/web_cargo/bbs/injeonnam/65/JNFC_53_24.jpg,여수 금오도,전남 여수시 남면 두모리,34.5226932830418,127.750413585796,여수시
인간중독,https://www.jnfilm.or.kr/web_cargo/bbs/injeonnam/66/JNFC_52_14.jpg,송백정배롱나무군락지,전남 장흥군 장흥읍 평화리 94-2,34.6644237669164,126.917346086769,장흥군
역린,https://www.jnfilm.or.kr/web_cargo/bbs/injeonnam/67/JNFC_51_9.jpg,담양 메타쉐콰이어길,전남 담양군 담양읍 금월리 36-2,35.33409191544845,127.0177791322334,담양군
피끓는 청춘,https://www.jnfilm.or.kr/web_cargo/bbs/injeonnam/68/JNFC_50_13.jpg,섬진강기차마을,전남 곡성군 오곡면 오지리 770-5,35.2795563224554,127.30786766033,곡성군
감격시대 : 투신의 탄생,https://www.jnfilm.or.kr/web_cargo/bbs/injeonnam/202505/4a071c19.jpg,순천드라마촬영장,전남 순천시 조례동 23,34.9584569682125,127.538244213124,순천시
정도전,https://www.jnfilm.or.kr/web_cargo/bbs/injeonnam/202505/45864232.jpg,청해포구촬영장,전남 완도군 완도읍 대신리 1089-3,34.3233683874297,126.6699297213141,완도군
그녀의 13월,https://www.jnfilm.or.kr/web_cargo/bbs/injeonnam/202505/9603b7b8.jpg,무안 버스터미널,전남 무안군 무안읍 성동리 873-11,34.98811733665694,126.47822058585412,무안군
용의자,https://www.jnfilm.or.kr/web_cargo/bbs/injeonnam/69/JNFC_49_18.jpg,광양항,전남 광양시 황길동 1379,34.90216458829797,127.66107680061164,광양시
집으로 가는 길,https://www.jnfilm.or.kr/web_cargo/bbs/injeonnam/70/JNFC_48_20.jpg,목포근대역사관 1관,전남 목포시 대의동2가 1-5,34.787532306488664,126.38208646508214,목포시
빠스껫 볼,https://www.jnfilm.or.kr/web_cargo/bbs/injeonnam/202505/e8f24075.jpg,목포근대역사관 1관,전남 목포시 대의동2가 1-5,34.787532306488664,126.38208646508214,목포시
맏이,https://www.jnfilm.or.kr/web_cargo/bbs/injeonnam/202505/40ad306f.jpg,순천드라마촬영장,전남 순천시 조례동 23,34.9584569682125,127.538244213124,순천시
칼과 꽃,https://www.jnfilm.or.kr/web_cargo/bbs/injeonnam/202505/e7ca7ba9.jpg,청해포구촬영장,전남 완도군 완도읍 대신리 1089-3,34.3233683874297,126.6699297213141,완도군
구가의 서,https://www.jnfilm.or.kr/web_cargo/bbs/injeonnam/202505/786e6187.jpg,고흥 금탑사,전남 고흥군 포두면 봉림리 700,34.5427426817974,127.287703160236,고흥군
구암 허준,https://www.jnfilm.or.kr/web_cargo/bbs/injeonnam/202505/48140cd2.jpg,낙안읍성,전남 순천시 낙안면 동내리 438-1,34.90613559530928,127.34176553069862,순천시
파파로티,https://www.jnfilm.or.kr/web_cargo/bbs/injeonnam/202505/ef012ac7.jpg,신한에어 영암비행장,전남 영암군 미암면 신포리 838,34.696607214104,126.519131495802,영암군
남쪽으로 튀어,https://www.jnfilm.or.kr/web_cargo/bbs/injeonnam/202505/0c421bb7.jpg,완도 대모도,전남 완도군 청산면 모도리,34.1943672822622,126.761320813614,완도군
내가 살인범이다,https://www.jnfilm.or.kr/web_cargo/bbs/injeonnam/72/JNFC_46_19.jpg,여수MBC,전남 여수시 문수동 101-1,34.75755145986286,127.70586296292484,여수시
늑대소년,https://www.jnfilm.or.kr/web_cargo/bbs/injeonnam/71/JNFC_47_18.jpg,정남진 편백숲 우드랜드,전남 장흥군 장흥읍 우산리 산 20-1,34.668118858958,126.933782282922,장흥군
"광해, 왕이 된 남자",https://www.jnfilm.or.kr/web_cargo/bbs/injeonnam/73/JNFC_45_9.jpg,낙안읍성,전남 순천시 낙안면 동내리 438-1,34.90613559530928,127.34176553069862,순천시
대왕의 꿈,https://www.jnfilm.or.kr/web_cargo/bbs/injeonnam/202505/a7109549.jpg,화순적벽,전남 화순군 이서면 장학리 산 17,35.1133764883931,127.123213486886,화순군
공모자들,https://www.jnfilm.or.kr/web_cargo/bbs/injeonnam/74/JNFC_44_15.jpg,광양 광양항 국제여객터미널,전남 광양시 중동 1893,34.9220704651011,127.697062753107,광양시
신의,https://www.jnfilm.or.kr/web_cargo/bbs/injeonnam/202505/dc911718.jpg,청해포구촬영장,전남 완도군 완도읍 대신리 1089-3,34.3233683874297,126.6699297213141,완도군
각시탈,https://www.jnfilm.or.kr/web_cargo/bbs/injeonnam/202505/3bcb036f.jpg,장성 축령산 자연휴양림,전남 장성군 서삼면 추암리 799,35.3536830975044,126.730379669726,장성군
사랑비,https://www.jnfilm.or.kr/web_cargo/bbs/injeonnam/202505/3c0cf364.jpg,순천드라마촬영장,전남 순천시 조례동 23,34.9584569682125,127.538244213124,순천시
가비,https://www.jnfilm.or.kr/web_cargo/bbs/injeonnam/75/JNFC_43_18.jpg,청해포구촬영장,전남 완도군 완도읍 대신리 1089-3,34.3233683874297,126.6699297213141,완도군
한반도,https://www.jnfilm.or.kr/web_cargo/bbs/injeonnam/202505/163ff903.jpg,순천드라마촬영장,전남 순천시 조례동 23,34.9584569682125,127.538244213124,순천시
빛과 그림자,https://www.jnfilm.or.kr/web_cargo/bbs/injeonnam/202505/b29047fd.jpg,순천드라마촬영장,전남 순천시 조례동 23,34.9584569682125,127.538244213124,순천시
려수,https://www.jnfilm.or.kr/web_cargo/bbs/injeonnam/79/JNFC_42_36.jpg,돌산대교,전남 여수시 남산동 56-5,34.7307428628672,127.73469747694,여수시
TV 방자전,https://www.jnfilm.or.kr/web_cargo/bbs/injeonnam/202505/d3f82119.jpg,쌍산재,전남 구례군 마산면 사도리 632,35.21575369398138,127.49804338860984,구례군
은어,https://www.jnfilm.or.kr/web_cargo/bbs/injeonnam/202505/5341f4c7.jpg,천관산도립공원,전남 장흥군 관산읍 옥당리 산 97-1,34.5460665443495,126.926213736683,장흥군
도가니,https://www.jnfilm.or.kr/web_cargo/bbs/injeonnam/78/JNFC_41_16.jpg,여수 구봉산,전남 여수시 국동 산 17-1,34.73896648088419,127.7081890449628,여수시
헬로우스트레인저,https://www.jnfilm.or.kr/web_cargo/bbs/injeonnam/77/JNFC_40_12.jpg,여수 화정면 추도 공룡화석지,전남 여수시 화정면 낭도리,34.5928137432502,127.565746510265,여수시
고지전,https://www.jnfilm.or.kr/web_cargo/bbs/injeonnam/76/JNFC_39_20.jpg,선암사,경남 진주시 수곡면 자매리 493-1,35.2483599737454,127.927755000712,
애정만만세,https://www.jnfilm.or.kr/web_cargo/bbs/injeonnam/202505/8d6c2a3c.jpg,순천드라마촬영장,전남 순천시 조례동 23,34.9584569682125,127.538244213124,순천시
무사 백동수,https://www.jnfilm.or.kr/web_cargo/bbs/injeonnam/202505/1325c14c.jpg,낙안읍성,전남 순천시 낙안면 동내리 438-1,34.90613559530928,127.34176553069862,순천시
나는 아빠다,https://www.jnfilm.or.kr/web_cargo/bbs/injeonnam/80/JNFC_38_18.jpg,돌산대교,전남 여수시 남산동 56-5,34.7307428628672,127.73469747694,여수시
달빛 길어올리기,https://www.jnfilm.or.kr/web_cargo/bbs/injeonnam/81/JNFC_37_7.jpg,순천 금둔사,전남 순천시 낙안면 상송리 산 23,34.92520956711833,127.33964041613974,순천시
황해,https://www.jnfilm.or.kr/web_cargo/bbs/injeonnam/83/JNFC_35_14.jpg,영광 백수해안도로,전남 영광군 백수읍 대신리 산 234-11,35.3635569432416,126.395949459623,영광군
헬로우 고스트,https://www.jnfilm.or.kr/web_cargo/bbs/injeonnam/82/JNFC_36_19.jpg,광양우리들병원,경남 하동군 금남면 계천리 366-3,34.99576275045828,127.81027953870604,
된장,https://www.jnfilm.or.kr/web_cargo/bbs/injeonnam/84/JNFC_34_11.jpg,해남 보해매실농원,전남 해남군 산이면 예정리 56-10,34.62428394986674,126.46329466129644,해남군
대물,https://www.jnfilm.or.kr/web_cargo/bbs/injeonnam/202505/f859ff38.jpg,신안비치호텔,전남 목포시 죽교동 440-4,34.785508467954024,126.36921802140547,목포시
김복남 살인사건의 전말,https://www.jnfilm.or.kr/web_cargo/bbs/injeonnam/85/JNFC_33_29.jpg,여수 금오도,전남 여수시 남면 두모리,34.5226932830418,127.750413585796,여수시
이끼,https://www.jnfilm.or.kr/web_cargo/bbs/injeonnam/86/JNFC_32_10.jpg,국립수산과학원 남해수산연구소,전남 여수시 화양면 안포리 347,34.6308279543959,127.625687299667,여수시
전우,https://www.jnfilm.or.kr/web_cargo/bbs/injeonnam/202505/7a850a5a.jpg,고흥 남성리해수욕장,전남 고흥군 포두면 남성리 150,34.5191532255567,127.405932309678,고흥군
제빵왕 김탁구,https://www.jnfilm.or.kr/web_cargo/bbs/injeonnam/202505/1c99a4a1.jpg,순천드라마촬영장,전남 순천시 조례동 23,34.9584569682125,127.538244213124,순천시
블러디 쉐이크,https://www.jnfilm.or.kr/web_cargo/bbs/injeonnam/87/JNFC_31_21.jpg,순천드라마촬영장,전남 순천시 조례동 23,34.9584569682125,127.538244213124,순천시
자이언트,https://www.jnfilm.or.kr/web_cargo/bbs/injeonnam/202505/d341500a.jpg,순천드라마촬영장,전남 순천시 조례동 23,34.9584569682125,127.538244213124,순천시
베스트셀러,https://www.jnfilm.or.kr/web_cargo/bbs/injeonnam/88/JNFC_30_22.jpg,정남진 편백숲 우드랜드,전남 장흥군 장흥읍 우산리 산 20-1,34.668118858958,126.933782282922,장흥군
신데렐라 언니,https://www.jnfilm.or.kr/web_cargo/bbs/injeonnam/202505/35f696fe.jpg,송치재휴게소 (하),전남 순천시 서면 학구리 859-5,35.0454218075193,127.429592984704,순천시
나는 행복합니다,https://www.jnfilm.or.kr/web_cargo/bbs/injeonnam/89/JNFC_29_25.jpg,담양 메타쉐콰이어길,전남 담양군 담양읍 금월리 36-2,35.33409191544845,127.0177791322334,담양군
하늘과 바다,https://www.jnfilm.or.kr/web_cargo/bbs/injeonnam/90/JNFC_28_3.jpg,여수 금오도,전남 여수시 남면 두모리,34.5226932830418,127.750413585796,여수시
내 사랑 내 곁에,https://www.jnfilm.or.kr/web_cargo/bbs/injeonnam/202505/dd9bdcdc.jpg,영광 영광읍 단주리 영광종합병원,전남 영광군 영광읍 단주리 275,35.2844700025618,126.498985941322,영광군
불꽃처럼 나비처럼,https://www.jnfilm.or.kr/web_cargo/bbs/injeonnam/202505/a19e4e7e.jpg,해남 고산 윤선도 유적지,전남 해남군 해남읍 연동리 82,34.5512819331475,126.622552728792,해남군
아부지,https://www.jnfilm.or.kr/web_cargo/bbs/injeonnam/91/JNFC_27_23.jpg,순천드라마촬영장,전남 순천시 조례동 23,34.9584569682125,127.538244213124,순천시
킹콩을 들다,https://www.jnfilm.or.kr/web_cargo/bbs/injeonnam/92/JNFC_26_22.jpg,보성 강골 마을,전남 보성군 득량면 오봉리 402-3,34.7626123663559,127.185780432864,보성군
마더,https://www.jnfilm.or.kr/web_cargo/bbs/injeonnam/93/JNFC_25_20.jpg,(구) 장흥교도소,전남 장흥군 용산면 어산리 962,34.62939199157511,126.90022014505392,장흥군
카인과 아벨,https://www.jnfilm.or.kr/web_cargo/bbs/injeonnam/202505/26c5d5ea.jpg,고흥 소록도,전남 고흥군 도양읍 소록리 산 152,34.5107738852421,127.118329678403,고흥군
쌍화점,https://www.jnfilm.or.kr/web_cargo/bbs/injeonnam/94/JNFC_24_15.jpg,구례 천은사,전남 구례군 광의면 방광리 70,35.2738799672822,127.476320349808,구례군
"사랑해, 울지마",https://www.jnfilm.or.kr/web_cargo/bbs/injeonnam/202505/f0e8e563.jpg,여수터미널,전남 여수시 오림동 390,34.75820210985,127.71699801055,여수시
미인도,https://www.jnfilm.or.kr/web_cargo/bbs/injeonnam/95/JNFC_23_9.jpg,선암사,경남 진주시 수곡면 자매리 493-1,35.2483599737454,127.927755000712,
신기전,https://www.jnfilm.or.kr/web_cargo/bbs/injeonnam/96/JNFC_22_21.jpg,송광사,전남 순천시 송광면 신평리 12,35.00218023003931,127.2761303580498,순천시
님은 먼곳에,https://www.jnfilm.or.kr/web_cargo/bbs/injeonnam/97/JNFC_21_27.jpg,구례 운조루,전남 구례군 토지면 오미리 103,35.20616488305656,127.51535802855278,구례군
날라리 종부전,https://www.jnfilm.or.kr/web_cargo/bbs/injeonnam/202505/0f84a805.jpg,낙안읍성,전남 순천시 낙안면 동내리 438-1,34.90613559530928,127.34176553069862,순천시
서울이 보이냐,https://www.jnfilm.or.kr/web_cargo/bbs/injeonnam/98/JNFC_20_10.jpg,섬진강기차마을,전남 곡성군 오곡면 오지리 770-5,35.2795563224554,127.30786766033,곡성군
마지막 선물,https://www.jnfilm.or.kr/web_cargo/bbs/injeonnam/99/JNFC_19_14.jpg,남열해돋이해수욕장,전남 고흥군 영남면 남열리 175-2,34.5798317757747,127.486612160145,고흥군
마지막 선물... 귀휴,https://www.jnfilm.or.kr/web_cargo/bbs/injeonnam/202505/6072e4b3.jpg,고흥군 남열해돋이해수욕장,전남 고흥군 영남면 남열리 175-2,34.5798317757747,127.486612160145,고흥군
어린왕자,https://www.jnfilm.or.kr/web_cargo/bbs/injeonnam/202505/6c374b17.jpg,고흥군 연홍도 연홍미술관,전남 고흥군 금산면 신전리 880,34.4618852660965,127.089449732967,고흥군
만남의 광장,https://www.jnfilm.or.kr/web_cargo/bbs/injeonnam/202505/8eb89a44.jpg,장성 영화마을,전남 장성군 북일면 문암리 687,35.395146138846336,126.7341845936116,장성군
D-WAR,https://www.jnfilm.or.kr/web_cargo/bbs/injeonnam/202505/fd10096e.jpg,낙안읍성,전남 순천시 낙안면 동내리 438-1,34.90613559530928,127.34176553069862,순천시
기담,https://www.jnfilm.or.kr/web_cargo/bbs/injeonnam/202505/1e6f6d55.jpg,목포근대역사관 1관,전남 목포시 대의동2가 1-5,34.787532306488664,126.38208646508214,목포시
화려한 휴가,https://www.jnfilm.or.kr/web_cargo/bbs/injeonnam/202505/90bb73a8.jpg,목포 유달동,전남 목포시 온금동 6-13,34.78774657629823,126.3749731617578,목포시
천년학,https://www.jnfilm.or.kr/web_cargo/bbs/injeonnam/100/JNFC_18_33.jpg,장흥 [천년학] 촬영지,전남 장흥군 회진면 회진리 1740-1,34.4666309402453,126.940824953713,장흥군
극락도 살인사건,https://www.jnfilm.or.kr/web_cargo/bbs/injeonnam/202505/b16265a9.jpg,신안 가거도,전남 신안군 흑산면 가거도리,34.0658864248533,125.11874890596,신안군
우아한 세계,https://www.jnfilm.or.kr/web_cargo/bbs/injeonnam/101/JNFC_17_16.jpg,순천교도소,전남 순천시 서면 선평리 448-2,34.9916726987164,127.497430315981,순천시
마파도2,https://www.jnfilm.or.kr/web_cargo/bbs/injeonnam/102/JNFC_16_15.jpg,계마포구,전남 영광군 홍농읍 계마리,35.392965079614,126.406900144555,영광군
그해 여름,https://www.jnfilm.or.kr/web_cargo/bbs/injeonnam/103/JNFC_15_14.jpg,순천드라마촬영장,전남 순천시 조례동 23,34.9584569682125,127.538244213124,순천시
삼거리극장,https://www.jnfilm.or.kr/web_cargo/bbs/injeonnam/202505/4f1a961b.jpg,곡성읍,전남 곡성군 곡성읍 월봉리 352,35.26575590192931,127.26152807379448,곡성군
열혈남아,https://www.jnfilm.or.kr/web_cargo/bbs/injeonnam/202505/d85b34b0.jpg,벌교읍,전남 보성군 벌교읍 회정리 719-6,34.8396342769046,127.356481720116,보성군
가을로,https://www.jnfilm.or.kr/web_cargo/bbs/injeonnam/104/JNFC_14_21.jpg,소쇄원,전남 담양군 가사문학면 지곡리 123,35.18414216778639,127.01226351442529,담양군
타짜,https://www.jnfilm.or.kr/web_cargo/bbs/injeonnam/105/JNFC_13_11.jpg,광양 태금역,전남 광양시 금호동 796-2,34.930440716554,127.715341282735,광양시
아이스케키,https://www.jnfilm.or.kr/web_cargo/bbs/injeonnam/106/JNFC_12_26.jpg,백야도,전남 여수시 화정면 백야리,34.6152785576959,127.637852072192,여수시
내 청춘에게 고함,https://www.jnfilm.or.kr/web_cargo/bbs/injeonnam/202505/967b8b5f.jpg,해남군,전남 해남군 송지면 송호리 1161,34.298519778347504,126.52709485983615,해남군
공필두,https://www.jnfilm.or.kr/web_cargo/bbs/injeonnam/107/JNFC_11_11.jpg,완도 신지대교,전남 완도군 신지면 송곡리 산 243-1,34.3350289758913,126.748504194838,완도군
연리지,https://www.jnfilm.or.kr/web_cargo/bbs/injeonnam/202505/89f87208.jpg,순천 성가롤로병원,전남 순천시 조례동 1742,34.964702679494,127.543689705737,순천시
봄의 왈츠,https://www.jnfilm.or.kr/web_cargo/bbs/injeonnam/202505/a210081d.jpg,신안군,전남 신안군 임자면 대기리,35.0941887579171,126.089018756356,신안군
사랑과 야망,https://www.jnfilm.or.kr/web_cargo/bbs/injeonnam/202505/709d7b33.jpg,순천드라마촬영장,전남 순천시 조례동 23,34.9584569682125,127.538244213124,순천시
서울1945,https://www.jnfilm.or.kr/web_cargo/bbs/injeonnam/202505/8a387b30.jpg,순천드라마촬영장,전남 순천시 조례동 23,34.9584569682125,127.538244213124,순천시
청연,https://www.jnfilm.or.kr/web_cargo/bbs/injeonnam/108/JNFC_10_19.jpg,낙안읍성,전남 순천시 낙안면 동내리 438-1,34.90613559530928,127.34176553069862,순천시
너는 내 운명,https://www.jnfilm.or.kr/web_cargo/bbs/injeonnam/109/JNFC_9_9.jpg,순천의료원,전남 순천시 매곡동 130-3,34.9579896173025,127.483034046369,순천시
천군,https://www.jnfilm.or.kr/web_cargo/bbs/injeonnam/110/JNFC_8_12.jpg,낙안읍성,전남 순천시 낙안면 동내리 438-1,34.90613559530928,127.34176553069862,순천시
혈의 누,https://www.jnfilm.or.kr/web_cargo/bbs/injeonnam/111/JNFC_7_15.jpg,여수 화양면 호두마을,전남 여수시 화양면 용주리,34.7089236854399,127.637343176728,여수시
여선생 VS 여제자,https://www.jnfilm.or.kr/web_cargo/bbs/injeonnam/112/JNFC_6_26.jpg,여수 자산초등학교,전남 여수시 소라면 죽림리 1126,34.7638413214502,127.640670451516,여수시
거미숲,https://www.jnfilm.or.kr/web_cargo/bbs/injeonnam/113/JNFC_5_13.jpg,선암사,경남 진주시 수곡면 자매리 493-1,35.2483599737454,127.927755000712,
알포인트,https://www.jnfilm.or.kr/web_cargo/bbs/injeonnam/114/JNFC_4_14.jpg,담양 죽녹원,전남 담양군 담양읍 향교리 산 44,35.32783714533351,126.98593088715316,담양군
시실리 2km,https://www.jnfilm.or.kr/web_cargo/bbs/injeonnam/115/JNFC_3_20.jpg,순천 시내,전남 순천시 덕암동 151,34.9412398788129,127.510870917487,순천시
바람의 파이터,https://www.jnfilm.or.kr/web_cargo/bbs/injeonnam/116/JNFC_2_15.jpg,광양 매화마을,전남 광양시 중동 1384-6,34.9409975113708,127.687879209249,광양시
선택,https://www.jnfilm.or.kr/web_cargo/bbs/injeonnam/202505/cac99331.jpg,돌산대교,전남 여수시 남산동 56-5,34.7307428628672,127.73469747694,여수시
인어공주,https://www.jnfilm.or.kr/web_cargo/bbs/injeonnam/117/JNFC_1_17.jpg,여수 금오도,전남 여수시 남면 두모리,34.5226932830418,127.750413585796,여수시
하류인생,https://www.jnfilm.or.kr/web_cargo/bbs/injeonnam/202505/730e5c46.jpg,광양시내,전남 광양시 광양읍 칠성리 964-1,34.96926895541228,127.579570329175,광양시
아홉살 인생,https://www.jnfilm.or.kr/web_cargo/bbs/injeonnam/202505/4ab2843d.jpg,구례시내,전남 구례군 마산면 사도리 681-9,35.214583074311,127.498865449796,구례군
